username,email,password
alpha_wolf,alpha.wolf92@gmail.com,fG7@kL2!pQ
brave_knight,braveknight77@icloud.com,9X#vT2m@z
crimson_falcon,crimson.falcon@proton.me,A!k29LmQ$1
dark_shadow,darkshadow23@yahoo.com,zP8@qW3#rT
electric_blaze,electric.blaze.dev@mail.com,Mn7@Lp2!Qx
frozen_tiger,frozentiger88@gmx.com,Q!7kLm9@Pz
golden_rider,golden.rider@outlook.com,8Lm@Tq2#Wx
hidden_hunter,hiddenhunter55@zoho.com,Rt9@Lp!2Qe
iron_giant,iron.giant@live.com,Yu3@Pq8!Lm
jaded_sniper,jadedsniper21@gmail.com,K!9Lp2@Qwe
lunar_king,lunarking.dev@yahoo.com,P@2Lm9#Qx
mystic_fox,mysticfox99@icloud.com,Wq7!Lp2@Er
neon_owl,neon.owl@proton.me,Er2@Lm!9Qw
omega_striker,omegastriker44@mail.com,T!9Lp3@Qz
phantom_force,phantom.force@outlook.com,Ui7@Lm!2Px
quantum_edge,quantumedge12@gmx.com,Op2@Lk9!Qw
rapid_viper,rapid.viper@zoho.com,Lm!9Qp2@We
silent_breaker,silentbreaker.dev@yahoo.com,Xc2@Lm!9Qp
toxic_core,toxic.core88@live.com,Vb7@Lp2!Qw
ultra_nova,ultranova21@gmail.com,Bn2@Lp!9Qx
vivid_hawk,vividhawk77@icloud.com,As9@Lm2!Qw
wild_blade,wildblade55@proton.me,Zx2@Lp!9Qw
xeno_mage,xenomage.dev@mail.com,Qw9@Lm2!Px
young_ninja,youngninja88@outlook.com,W!2Lp9@Qx
zen_warrior,zenwarrior33@gmx.com,E!9Lm2@Qw
alpha_knight,alpha.knight@zoho.com,Rt2@Lp!9Qw
brave_falcon,bravefalcon21@yahoo.com,Yu9@Lm2!Qx
crimson_shadow,crimson.shadow@live.com,Ui2@Lp!9Qw
dark_blaze,darkblaze77@gmail.com,Op9@Lm2!Qx
electric_tiger,electrictiger55@icloud.com,Pa2@Lp!9Qw
frozen_rider,frozen.rider@proton.me,Sd9@Lm2!Qx
golden_hunter,goldenhunter.dev@mail.com,Fg2@Lp!9Qw
hidden_giant,hidden.giant@outlook.com,Gh9@Lm2!Qx
iron_sniper,ironsniper88@gmx.com,Hj2@Lp!9Qw
jaded_king,jadedking44@zoho.com,Jk9@Lm2!Qx
lunar_fox,lunarfox22@yahoo.com,Kl2@Lp!9Qw
mystic_owl,mystic.owl@live.com,Lz9@Lm2!Qx
neon_striker,neonstriker77@gmail.com,Xc9@Lm2!Qx
omega_force,omega.force@icloud.com,Vb2@Lp!9Qw
phantom_edge,phantomedge55@proton.me,Bn9@Lm2!Qx
quantum_viper,quantum.viper@mail.com,Nm2@Lp!9Qw
rapid_breaker,rapidbreaker21@outlook.com,Qw2@Lp!9Qx
silent_core,silent.core@zoho.com,Er9@Lm2!Qx
toxic_nova,toxicnova88@yahoo.com,Ty2@Lp!9Qw
ultra_hawk,ultra.hawk@live.com,Yu2@Lp!9Qx
vivid_blade,vividblade33@gmail.com,Ui9@Lm2!Qx
wild_mage,wild.mage@icloud.com,Op2@Lp!9Qw
xeno_ninja,xenoninja77@proton.me,Pa9@Lm2!Qx
young_warrior,young.warrior@mail.com,Sd2@Lp!9Qw
zen_knight,zenknight55@outlook.com,Fg9@Lm2!Qx
alpha_falcon,alpha.falcon@zoho.com,Gh2@Lp!9Qw
brave_shadow,braveshadow22@yahoo.com,Hj9@Lm2!Qx
crimson_blaze,crimson.blaze@live.com,Jk2@Lp!9Qw
dark_tiger,darktiger88@gmail.com,Kl9@Lm2!Qx
electric_rider,electric.rider@icloud.com,Lz2@Lp!9Qw
frozen_hunter,frozenhunter44@proton.me,Xc2@Lp!9Qw
golden_giant,golden.giant@mail.com,Vb9@Lm2!Qx
hidden_sniper,hiddensniper33@outlook.com,Bn2@Lp!9Qw
iron_king,ironking77@zoho.com,Nm9@Lm2!Qx
jaded_fox,jadedfox55@yahoo.com,Qw9@Lm2!Qx
lunar_owl,lunar.owl@live.com,Er2@Lp!9Qw
mystic_striker,mysticstriker88@gmail.com,Ty9@Lm2!Qx
neon_force,neon.force@icloud.com,Yu9@Lm2!Qx
omega_edge,omegaedge44@proton.me,Ui2@Lp!9Qw
phantom_viper,phantom.viper@mail.com,Op9@Lm2!Qx
quantum_breaker,quantumbreaker33@outlook.com,Pa2@Lp!9Qw
rapid_core,rapid.core@zoho.com,Sd9@Lm2!Qx
silent_nova,silentnova77@yahoo.com,Fg2@Lp!9Qw
toxic_hawk,toxic.hawk@live.com,Gh9@Lm2!Qx
ultra_blade,ultrablade55@gmail.com,Hj2@Lp!9Qw
vivid_mage,vivid.mage@icloud.com,Jk9@Lm2!Qx
wild_ninja,wildninja88@proton.me,Kl2@Lp!9Qw
xeno_warrior,xeno.warrior@mail.com,Lz9@Lm2!Qx
young_knight,youngknight44@outlook.com,Xc9@Lm2!Qx
zen_falcon,zen.falcon@zoho.com,Vb2@Lp!9Qw
alpha_shadow,alphashadow33@yahoo.com,Bn9@Lm2!Qx
brave_blaze,brave.blaze@live.com,Nm2@Lp!9Qw
crimson_tiger,crimsontiger77@gmail.com,Qw2@Lp!9Qx
dark_rider,dark.rider@icloud.com,Er9@Lm2!Qx
electric_hunter,electrichunter55@proton.me,Ty2@Lp!9Qw
frozen_giant,frozen.giant@mail.com,Yu2@Lp!9Qx
golden_sniper,goldensniper88@outlook.com,Ui9@Lm2!Qx
hidden_king,hiddenking44@zoho.com,Op2@Lp!9Qw
iron_fox,ironfox33@yahoo.com,Pa9@Lm2!Qx
jaded_owl,jaded.owl@live.com,Sd2@Lp!9Qw
lunar_striker,lunarstriker77@gmail.com,Fg9@Lm2!Qx
mystic_force,mystic.force@icloud.com,Gh2@Lp!9Qw
neon_edge,neonedge55@proton.me,Hj9@Lm2!Qx
omega_viper,omega.viper@mail.com,Jk2@Lp!9Qw
phantom_breaker,phantombreaker88@outlook.com,Kl9@Lm2!Qx
quantum_core,quantum.core@zoho.com,Lz2@Lp!9Qw
rapid_nova,rapidnova44@yahoo.com,Xc2@Lp!9Qw
silent_hawk,silent.hawk@live.com,Vb9@Lm2!Qx
toxic_blade,toxicblade33@gmail.com,Bn2@Lp!9Qw
ultra_mage,ultra.mage@icloud.com,Nm9@Lm2!Qx
vivid_ninja,vividninja77@proton.me,Qw9@Lm2!Qx
wild_warrior,wild.warrior@mail.com,Er2@Lp!9Qw
xeno_knight,xenoknight55@outlook.com,Ty9@Lm2!Qx
young_falcon,young.falcon@zoho.com,Yu9@Lm2!Qx
zen_shadow,zenshadow88@yahoo.com,Ui2@Lp!9Qw